<annotation>
	<folder>images</folder>
	<filename>A4.jpg</filename>
	<path>/home/nitv/sign_dec/images/A4.jpg</path>
	<source>
		<database>Unknown</database>
	</source>
	<size>
		<width>640</width>
		<height>480</height>
		<depth>3</depth>
	</size>
	<segmented>0</segmented>
	<object>
		<name>A</name>
		<pose>Unspecified</pose>
		<truncated>0</truncated>
		<difficult>0</difficult>
		<bndbox>
			<xmin>205</xmin>
			<ymin>255</ymin>
			<xmax>542</xmax>
			<ymax>462</ymax>
		</bndbox>
	</object>
</annotation>
