<annotation>
	<folder>images</folder>
	<filename>B0.jpg</filename>
	<path>/home/nitv/sign_dec/images/B0.jpg</path>
	<source>
		<database>Unknown</database>
	</source>
	<size>
		<width>640</width>
		<height>480</height>
		<depth>3</depth>
	</size>
	<segmented>0</segmented>
	<object>
		<name>B</name>
		<pose>Unspecified</pose>
		<truncated>0</truncated>
		<difficult>0</difficult>
		<bndbox>
			<xmin>181</xmin>
			<ymin>192</ymin>
			<xmax>502</xmax>
			<ymax>370</ymax>
		</bndbox>
	</object>
</annotation>
