<annotation>
	<folder>images</folder>
	<filename>B1.jpg</filename>
	<path>/home/nitv/sign_dec/images/B1.jpg</path>
	<source>
		<database>Unknown</database>
	</source>
	<size>
		<width>640</width>
		<height>480</height>
		<depth>3</depth>
	</size>
	<segmented>0</segmented>
	<object>
		<name>B</name>
		<pose>Unspecified</pose>
		<truncated>0</truncated>
		<difficult>0</difficult>
		<bndbox>
			<xmin>182</xmin>
			<ymin>186</ymin>
			<xmax>516</xmax>
			<ymax>357</ymax>
		</bndbox>
	</object>
</annotation>
