<annotation>
	<folder>images</folder>
	<filename>D2.jpg</filename>
	<path>/home/nitv/sign_dec/images/D2.jpg</path>
	<source>
		<database>Unknown</database>
	</source>
	<size>
		<width>640</width>
		<height>480</height>
		<depth>3</depth>
	</size>
	<segmented>0</segmented>
	<object>
		<name>D</name>
		<pose>Unspecified</pose>
		<truncated>0</truncated>
		<difficult>0</difficult>
		<bndbox>
			<xmin>195</xmin>
			<ymin>201</ymin>
			<xmax>497</xmax>
			<ymax>465</ymax>
		</bndbox>
	</object>
</annotation>
