<annotation>
	<folder>images</folder>
	<filename>D4.jpg</filename>
	<path>/home/nitv/sign_dec/images/D4.jpg</path>
	<source>
		<database>Unknown</database>
	</source>
	<size>
		<width>640</width>
		<height>480</height>
		<depth>3</depth>
	</size>
	<segmented>0</segmented>
	<object>
		<name>D</name>
		<pose>Unspecified</pose>
		<truncated>0</truncated>
		<difficult>0</difficult>
		<bndbox>
			<xmin>187</xmin>
			<ymin>203</ymin>
			<xmax>499</xmax>
			<ymax>475</ymax>
		</bndbox>
	</object>
</annotation>
