<annotation>
	<folder>images</folder>
	<filename>F2.jpg</filename>
	<path>/home/nitv/sign_dec/images/F2.jpg</path>
	<source>
		<database>Unknown</database>
	</source>
	<size>
		<width>640</width>
		<height>480</height>
		<depth>3</depth>
	</size>
	<segmented>0</segmented>
	<object>
		<name>F</name>
		<pose>Unspecified</pose>
		<truncated>0</truncated>
		<difficult>0</difficult>
		<bndbox>
			<xmin>204</xmin>
			<ymin>184</ymin>
			<xmax>452</xmax>
			<ymax>403</ymax>
		</bndbox>
	</object>
</annotation>
