<annotation>
	<folder>images</folder>
	<filename>F3.jpg</filename>
	<path>/home/nitv/sign_dec/images/F3.jpg</path>
	<source>
		<database>Unknown</database>
	</source>
	<size>
		<width>640</width>
		<height>480</height>
		<depth>3</depth>
	</size>
	<segmented>0</segmented>
	<object>
		<name>F</name>
		<pose>Unspecified</pose>
		<truncated>0</truncated>
		<difficult>0</difficult>
		<bndbox>
			<xmin>206</xmin>
			<ymin>191</ymin>
			<xmax>448</xmax>
			<ymax>406</ymax>
		</bndbox>
	</object>
</annotation>
