<annotation>
	<folder>images</folder>
	<filename>father1.jpg</filename>
	<path>/home/nitv/sign_dec/images/father1.jpg</path>
	<source>
		<database>Unknown</database>
	</source>
	<size>
		<width>640</width>
		<height>480</height>
		<depth>3</depth>
	</size>
	<segmented>0</segmented>
	<object>
		<name>FATHER</name>
		<pose>Unspecified</pose>
		<truncated>0</truncated>
		<difficult>0</difficult>
		<bndbox>
			<xmin>261</xmin>
			<ymin>148</ymin>
			<xmax>448</xmax>
			<ymax>394</ymax>
		</bndbox>
	</object>
</annotation>
