<annotation>
	<folder>images</folder>
	<filename>G1.jpg</filename>
	<path>/home/nitv/sign_dec/images/G1.jpg</path>
	<source>
		<database>Unknown</database>
	</source>
	<size>
		<width>640</width>
		<height>480</height>
		<depth>3</depth>
	</size>
	<segmented>0</segmented>
	<object>
		<name>G</name>
		<pose>Unspecified</pose>
		<truncated>0</truncated>
		<difficult>0</difficult>
		<bndbox>
			<xmin>255</xmin>
			<ymin>116</ymin>
			<xmax>442</xmax>
			<ymax>348</ymax>
		</bndbox>
	</object>
</annotation>
