<annotation>
	<folder>images</folder>
	<filename>G2.jpg</filename>
	<path>/home/nitv/sign_dec/images/G2.jpg</path>
	<source>
		<database>Unknown</database>
	</source>
	<size>
		<width>640</width>
		<height>480</height>
		<depth>3</depth>
	</size>
	<segmented>0</segmented>
	<object>
		<name>G</name>
		<pose>Unspecified</pose>
		<truncated>0</truncated>
		<difficult>0</difficult>
		<bndbox>
			<xmin>263</xmin>
			<ymin>112</ymin>
			<xmax>434</xmax>
			<ymax>341</ymax>
		</bndbox>
	</object>
</annotation>
