<annotation>
	<folder>images</folder>
	<filename>G4.jpg</filename>
	<path>/home/nitv/sign_dec/images/G4.jpg</path>
	<source>
		<database>Unknown</database>
	</source>
	<size>
		<width>640</width>
		<height>480</height>
		<depth>3</depth>
	</size>
	<segmented>0</segmented>
	<object>
		<name>G</name>
		<pose>Unspecified</pose>
		<truncated>0</truncated>
		<difficult>0</difficult>
		<bndbox>
			<xmin>276</xmin>
			<ymin>118</ymin>
			<xmax>421</xmax>
			<ymax>351</ymax>
		</bndbox>
	</object>
</annotation>
