<annotation>
	<folder>images</folder>
	<filename>H3.jpg</filename>
	<path>/home/nitv/sign_dec/images/H3.jpg</path>
	<source>
		<database>Unknown</database>
	</source>
	<size>
		<width>640</width>
		<height>480</height>
		<depth>3</depth>
	</size>
	<segmented>0</segmented>
	<object>
		<name>H</name>
		<pose>Unspecified</pose>
		<truncated>0</truncated>
		<difficult>0</difficult>
		<bndbox>
			<xmin>225</xmin>
			<ymin>119</ymin>
			<xmax>463</xmax>
			<ymax>323</ymax>
		</bndbox>
	</object>
</annotation>
