<annotation>
	<folder>images</folder>
	<filename>H4.jpg</filename>
	<path>/home/nitv/sign_dec/images/H4.jpg</path>
	<source>
		<database>Unknown</database>
	</source>
	<size>
		<width>640</width>
		<height>480</height>
		<depth>3</depth>
	</size>
	<segmented>0</segmented>
	<object>
		<name>H</name>
		<pose>Unspecified</pose>
		<truncated>0</truncated>
		<difficult>0</difficult>
		<bndbox>
			<xmin>225</xmin>
			<ymin>129</ymin>
			<xmax>467</xmax>
			<ymax>304</ymax>
		</bndbox>
	</object>
</annotation>
