<annotation>
	<folder>images</folder>
	<filename>I2.jpg</filename>
	<path>/home/nitv/sign_dec/images/I2.jpg</path>
	<source>
		<database>Unknown</database>
	</source>
	<size>
		<width>640</width>
		<height>480</height>
		<depth>3</depth>
	</size>
	<segmented>0</segmented>
	<object>
		<name>I</name>
		<pose>Unspecified</pose>
		<truncated>0</truncated>
		<difficult>0</difficult>
		<bndbox>
			<xmin>228</xmin>
			<ymin>82</ymin>
			<xmax>377</xmax>
			<ymax>334</ymax>
		</bndbox>
	</object>
</annotation>
