<annotation>
	<folder>images</folder>
	<filename>ilovu0.jpg</filename>
	<path>/home/nitv/sign_dec/images/ilovu0.jpg</path>
	<source>
		<database>Unknown</database>
	</source>
	<size>
		<width>640</width>
		<height>480</height>
		<depth>3</depth>
	</size>
	<segmented>0</segmented>
	<object>
		<name>I Love You</name>
		<pose>Unspecified</pose>
		<truncated>0</truncated>
		<difficult>0</difficult>
		<bndbox>
			<xmin>226</xmin>
			<ymin>168</ymin>
			<xmax>489</xmax>
			<ymax>426</ymax>
		</bndbox>
	</object>
</annotation>
