<annotation>
	<folder>images</folder>
	<filename>J0.jpg</filename>
	<path>/home/nitv/sign_dec/images/J0.jpg</path>
	<source>
		<database>Unknown</database>
	</source>
	<size>
		<width>640</width>
		<height>480</height>
		<depth>3</depth>
	</size>
	<segmented>0</segmented>
	<object>
		<name>J</name>
		<pose>Unspecified</pose>
		<truncated>0</truncated>
		<difficult>0</difficult>
		<bndbox>
			<xmin>241</xmin>
			<ymin>19</ymin>
			<xmax>499</xmax>
			<ymax>285</ymax>
		</bndbox>
	</object>
</annotation>
