<annotation>
	<folder>images</folder>
	<filename>J3.jpg</filename>
	<path>/home/nitv/sign_dec/images/J3.jpg</path>
	<source>
		<database>Unknown</database>
	</source>
	<size>
		<width>640</width>
		<height>480</height>
		<depth>3</depth>
	</size>
	<segmented>0</segmented>
	<object>
		<name>J</name>
		<pose>Unspecified</pose>
		<truncated>0</truncated>
		<difficult>0</difficult>
		<bndbox>
			<xmin>321</xmin>
			<ymin>47</ymin>
			<xmax>476</xmax>
			<ymax>298</ymax>
		</bndbox>
	</object>
</annotation>
