<annotation>
	<folder>images</folder>
	<filename>J4.jpg</filename>
	<path>/home/nitv/sign_dec/images/J4.jpg</path>
	<source>
		<database>Unknown</database>
	</source>
	<size>
		<width>640</width>
		<height>480</height>
		<depth>3</depth>
	</size>
	<segmented>0</segmented>
	<object>
		<name>J</name>
		<pose>Unspecified</pose>
		<truncated>0</truncated>
		<difficult>0</difficult>
		<bndbox>
			<xmin>327</xmin>
			<ymin>49</ymin>
			<xmax>474</xmax>
			<ymax>292</ymax>
		</bndbox>
	</object>
</annotation>
