<annotation>
	<folder>images</folder>
	<filename>M3.jpg</filename>
	<path>/home/nitv/sign_dec/images/M3.jpg</path>
	<source>
		<database>Unknown</database>
	</source>
	<size>
		<width>640</width>
		<height>480</height>
		<depth>3</depth>
	</size>
	<segmented>0</segmented>
	<object>
		<name>M</name>
		<pose>Unspecified</pose>
		<truncated>0</truncated>
		<difficult>0</difficult>
		<bndbox>
			<xmin>234</xmin>
			<ymin>136</ymin>
			<xmax>509</xmax>
			<ymax>472</ymax>
		</bndbox>
	</object>
</annotation>
