<annotation>
	<folder>images</folder>
	<filename>mother3.jpg</filename>
	<path>/home/nitv/sign_dec/images/mother3.jpg</path>
	<source>
		<database>Unknown</database>
	</source>
	<size>
		<width>640</width>
		<height>480</height>
		<depth>3</depth>
	</size>
	<segmented>0</segmented>
	<object>
		<name>Mother</name>
		<pose>Unspecified</pose>
		<truncated>0</truncated>
		<difficult>0</difficult>
		<bndbox>
			<xmin>177</xmin>
			<ymin>178</ymin>
			<xmax>578</xmax>
			<ymax>422</ymax>
		</bndbox>
	</object>
</annotation>
