<annotation>
	<folder>images</folder>
	<filename>N3.jpg</filename>
	<path>/home/nitv/sign_dec/images/N3.jpg</path>
	<source>
		<database>Unknown</database>
	</source>
	<size>
		<width>640</width>
		<height>480</height>
		<depth>3</depth>
	</size>
	<segmented>0</segmented>
	<object>
		<name>N</name>
		<pose>Unspecified</pose>
		<truncated>0</truncated>
		<difficult>0</difficult>
		<bndbox>
			<xmin>246</xmin>
			<ymin>157</ymin>
			<xmax>511</xmax>
			<ymax>419</ymax>
		</bndbox>
	</object>
</annotation>
