<annotation>
	<folder>images</folder>
	<filename>O2.jpg</filename>
	<path>/home/nitv/sign_dec/images/O2.jpg</path>
	<source>
		<database>Unknown</database>
	</source>
	<size>
		<width>640</width>
		<height>480</height>
		<depth>3</depth>
	</size>
	<segmented>0</segmented>
	<object>
		<name>O</name>
		<pose>Unspecified</pose>
		<truncated>0</truncated>
		<difficult>0</difficult>
		<bndbox>
			<xmin>242</xmin>
			<ymin>113</ymin>
			<xmax>410</xmax>
			<ymax>346</ymax>
		</bndbox>
	</object>
</annotation>
