<annotation>
	<folder>images</folder>
	<filename>O3.jpg</filename>
	<path>/home/nitv/sign_dec/images/O3.jpg</path>
	<source>
		<database>Unknown</database>
	</source>
	<size>
		<width>640</width>
		<height>480</height>
		<depth>3</depth>
	</size>
	<segmented>0</segmented>
	<object>
		<name>O</name>
		<pose>Unspecified</pose>
		<truncated>0</truncated>
		<difficult>0</difficult>
		<bndbox>
			<xmin>235</xmin>
			<ymin>97</ymin>
			<xmax>416</xmax>
			<ymax>340</ymax>
		</bndbox>
	</object>
</annotation>
