<annotation>
	<folder>images</folder>
	<filename>P1.jpg</filename>
	<path>/home/nitv/sign_dec/images/P1.jpg</path>
	<source>
		<database>Unknown</database>
	</source>
	<size>
		<width>640</width>
		<height>480</height>
		<depth>3</depth>
	</size>
	<segmented>0</segmented>
	<object>
		<name>P</name>
		<pose>Unspecified</pose>
		<truncated>1</truncated>
		<difficult>0</difficult>
		<bndbox>
			<xmin>180</xmin>
			<ymin>150</ymin>
			<xmax>534</xmax>
			<ymax>480</ymax>
		</bndbox>
	</object>
</annotation>
