<annotation>
	<folder>images</folder>
	<filename>Q2.jpg</filename>
	<path>/home/nitv/sign_dec/images/Q2.jpg</path>
	<source>
		<database>Unknown</database>
	</source>
	<size>
		<width>640</width>
		<height>480</height>
		<depth>3</depth>
	</size>
	<segmented>0</segmented>
	<object>
		<name>Q</name>
		<pose>Unspecified</pose>
		<truncated>0</truncated>
		<difficult>0</difficult>
		<bndbox>
			<xmin>180</xmin>
			<ymin>100</ymin>
			<xmax>549</xmax>
			<ymax>418</ymax>
		</bndbox>
	</object>
</annotation>
