<annotation>
	<folder>images</folder>
	<filename>R2.jpg</filename>
	<path>/home/nitv/sign_dec/images/R2.jpg</path>
	<source>
		<database>Unknown</database>
	</source>
	<size>
		<width>640</width>
		<height>480</height>
		<depth>3</depth>
	</size>
	<segmented>0</segmented>
	<object>
		<name>R</name>
		<pose>Unspecified</pose>
		<truncated>0</truncated>
		<difficult>0</difficult>
		<bndbox>
			<xmin>250</xmin>
			<ymin>105</ymin>
			<xmax>503</xmax>
			<ymax>398</ymax>
		</bndbox>
	</object>
</annotation>
