<annotation>
	<folder>images</folder>
	<filename>R3.jpg</filename>
	<path>/home/nitv/sign_dec/images/R3.jpg</path>
	<source>
		<database>Unknown</database>
	</source>
	<size>
		<width>640</width>
		<height>480</height>
		<depth>3</depth>
	</size>
	<segmented>0</segmented>
	<object>
		<name>R</name>
		<pose>Unspecified</pose>
		<truncated>0</truncated>
		<difficult>0</difficult>
		<bndbox>
			<xmin>260</xmin>
			<ymin>143</ymin>
			<xmax>502</xmax>
			<ymax>449</ymax>
		</bndbox>
	</object>
</annotation>
