<annotation>
	<folder>images</folder>
	<filename>S2.jpg</filename>
	<path>/home/nitv/sign_dec/images/S2.jpg</path>
	<source>
		<database>Unknown</database>
	</source>
	<size>
		<width>640</width>
		<height>480</height>
		<depth>3</depth>
	</size>
	<segmented>0</segmented>
	<object>
		<name>S</name>
		<pose>Unspecified</pose>
		<truncated>1</truncated>
		<difficult>0</difficult>
		<bndbox>
			<xmin>224</xmin>
			<ymin>99</ymin>
			<xmax>474</xmax>
			<ymax>480</ymax>
		</bndbox>
	</object>
</annotation>
