<annotation>
	<folder>images</folder>
	<filename>S3.jpg</filename>
	<path>/home/nitv/sign_dec/images/S3.jpg</path>
	<source>
		<database>Unknown</database>
	</source>
	<size>
		<width>640</width>
		<height>480</height>
		<depth>3</depth>
	</size>
	<segmented>0</segmented>
	<object>
		<name>S</name>
		<pose>Unspecified</pose>
		<truncated>0</truncated>
		<difficult>0</difficult>
		<bndbox>
			<xmin>221</xmin>
			<ymin>121</ymin>
			<xmax>510</xmax>
			<ymax>391</ymax>
		</bndbox>
	</object>
</annotation>
