<annotation>
	<folder>images</folder>
	<filename>T1.jpg</filename>
	<path>/home/nitv/sign_dec/images/T1.jpg</path>
	<source>
		<database>Unknown</database>
	</source>
	<size>
		<width>640</width>
		<height>480</height>
		<depth>3</depth>
	</size>
	<segmented>0</segmented>
	<object>
		<name>T</name>
		<pose>Unspecified</pose>
		<truncated>0</truncated>
		<difficult>0</difficult>
		<bndbox>
			<xmin>242</xmin>
			<ymin>144</ymin>
			<xmax>519</xmax>
			<ymax>455</ymax>
		</bndbox>
	</object>
</annotation>
