<annotation>
	<folder>images</folder>
	<filename>thankyou0.jpg</filename>
	<path>/home/nitv/sign_dec/images/thankyou0.jpg</path>
	<source>
		<database>Unknown</database>
	</source>
	<size>
		<width>640</width>
		<height>480</height>
		<depth>3</depth>
	</size>
	<segmented>0</segmented>
	<object>
		<name>Thank_you</name>
		<pose>Unspecified</pose>
		<truncated>0</truncated>
		<difficult>0</difficult>
		<bndbox>
			<xmin>148</xmin>
			<ymin>225</ymin>
			<xmax>538</xmax>
			<ymax>447</ymax>
		</bndbox>
	</object>
</annotation>
