<annotation>
	<folder>images</folder>
	<filename>thankyou1.jpg</filename>
	<path>/home/nitv/sign_dec/images/thankyou1.jpg</path>
	<source>
		<database>Unknown</database>
	</source>
	<size>
		<width>640</width>
		<height>480</height>
		<depth>3</depth>
	</size>
	<segmented>0</segmented>
	<object>
		<name>Thank_you</name>
		<pose>Unspecified</pose>
		<truncated>0</truncated>
		<difficult>0</difficult>
		<bndbox>
			<xmin>142</xmin>
			<ymin>249</ymin>
			<xmax>532</xmax>
			<ymax>442</ymax>
		</bndbox>
	</object>
</annotation>
