<annotation>
	<folder>images</folder>
	<filename>U2.jpg</filename>
	<path>/home/nitv/sign_dec/images/U2.jpg</path>
	<source>
		<database>Unknown</database>
	</source>
	<size>
		<width>640</width>
		<height>480</height>
		<depth>3</depth>
	</size>
	<segmented>0</segmented>
	<object>
		<name>U</name>
		<pose>Unspecified</pose>
		<truncated>0</truncated>
		<difficult>0</difficult>
		<bndbox>
			<xmin>254</xmin>
			<ymin>172</ymin>
			<xmax>455</xmax>
			<ymax>479</ymax>
		</bndbox>
	</object>
</annotation>
