<annotation>
	<folder>images</folder>
	<filename>X1.jpg</filename>
	<path>/home/nitv/sign_dec/images/X1.jpg</path>
	<source>
		<database>Unknown</database>
	</source>
	<size>
		<width>640</width>
		<height>480</height>
		<depth>3</depth>
	</size>
	<segmented>0</segmented>
	<object>
		<name>X</name>
		<pose>Unspecified</pose>
		<truncated>0</truncated>
		<difficult>0</difficult>
		<bndbox>
			<xmin>168</xmin>
			<ymin>235</ymin>
			<xmax>563</xmax>
			<ymax>454</ymax>
		</bndbox>
	</object>
</annotation>
