<annotation>
	<folder>images</folder>
	<filename>X3.jpg</filename>
	<path>/home/nitv/sign_dec/images/X3.jpg</path>
	<source>
		<database>Unknown</database>
	</source>
	<size>
		<width>640</width>
		<height>480</height>
		<depth>3</depth>
	</size>
	<segmented>0</segmented>
	<object>
		<name>X</name>
		<pose>Unspecified</pose>
		<truncated>0</truncated>
		<difficult>0</difficult>
		<bndbox>
			<xmin>155</xmin>
			<ymin>230</ymin>
			<xmax>546</xmax>
			<ymax>433</ymax>
		</bndbox>
	</object>
</annotation>
