<annotation>
	<folder>images</folder>
	<filename>Y2.jpg</filename>
	<path>/home/nitv/sign_dec/images/Y2.jpg</path>
	<source>
		<database>Unknown</database>
	</source>
	<size>
		<width>640</width>
		<height>480</height>
		<depth>3</depth>
	</size>
	<segmented>0</segmented>
	<object>
		<name>Y</name>
		<pose>Unspecified</pose>
		<truncated>1</truncated>
		<difficult>0</difficult>
		<bndbox>
			<xmin>239</xmin>
			<ymin>212</ymin>
			<xmax>446</xmax>
			<ymax>480</ymax>
		</bndbox>
	</object>
</annotation>
