<annotation>
	<folder>images</folder>
	<filename>Z1.jpg</filename>
	<path>/home/nitv/sign_dec/images/Z1.jpg</path>
	<source>
		<database>Unknown</database>
	</source>
	<size>
		<width>640</width>
		<height>480</height>
		<depth>3</depth>
	</size>
	<segmented>0</segmented>
	<object>
		<name>Z</name>
		<pose>Unspecified</pose>
		<truncated>0</truncated>
		<difficult>0</difficult>
		<bndbox>
			<xmin>204</xmin>
			<ymin>141</ymin>
			<xmax>480</xmax>
			<ymax>344</ymax>
		</bndbox>
	</object>
</annotation>
