<annotation>
	<folder>images</folder>
	<filename>Z2.jpg</filename>
	<path>/home/nitv/sign_dec/images/Z2.jpg</path>
	<source>
		<database>Unknown</database>
	</source>
	<size>
		<width>640</width>
		<height>480</height>
		<depth>3</depth>
	</size>
	<segmented>0</segmented>
	<object>
		<name>Z</name>
		<pose>Unspecified</pose>
		<truncated>0</truncated>
		<difficult>0</difficult>
		<bndbox>
			<xmin>221</xmin>
			<ymin>144</ymin>
			<xmax>477</xmax>
			<ymax>337</ymax>
		</bndbox>
	</object>
</annotation>
