<annotation>
	<folder>images</folder>
	<filename>Z4.jpg</filename>
	<path>/home/nitv/sign_dec/images/Z4.jpg</path>
	<source>
		<database>Unknown</database>
	</source>
	<size>
		<width>640</width>
		<height>480</height>
		<depth>3</depth>
	</size>
	<segmented>0</segmented>
	<object>
		<name>Z</name>
		<pose>Unspecified</pose>
		<truncated>0</truncated>
		<difficult>0</difficult>
		<bndbox>
			<xmin>220</xmin>
			<ymin>135</ymin>
			<xmax>494</xmax>
			<ymax>342</ymax>
		</bndbox>
	</object>
</annotation>
